You’re gonna fuck it up. Purge all ,
motherfucker,
fuck you you fucker,
And as they start fucking again...,
fuck you!,
fucks a Sales Assistant perched on the sink.,
fuck you!,
I can hear you, motherfucker!,
fucking fuck,
fucked up, I don’t really remember,
don’t fuck with these guys, not,
fucker!,
fuck?,
the fucking thing and dealt with,
Get a fucking life!,
fuck you!,
fuck you you fucker,
fucking fuck,
fuckkkk,
fuckkkk,
fuck me,
What the fuck is going on? ,
Is she fucking hitting on me?,
fucking think?,
fucking,
fuck that,
fuck that,
sneaky motherfuckers. Within,
can finally do your fucking job!,
is are you going to fuck me over.,
fuckkkk,
fucker!,
fuck me,
fuck me,
fuck,
fuck me,
fucking fuck,
fuck?,
Harvard or Bumfuck University or,
Shut the fuck up, Feinberg, you,
fuckkkk,
fuck that,
fucking,
motherfucker,
fuck me,
fuck you!,
Switzerland? What the fuck is in,
motherfucker,
fuck me,
the SEC fucks off for all time.,
fuck you!,
fuck,
fuck you!,
fuck me,
had nothing to fucking do with me.,
fucking fuck,
We can’t fucking hear you! ,
drunk to court, fuck up left-right- ,
fucking god dammit,
fucking fuck,
fuck?,
out what the fuck it was.,
motherfucker,
fuck me,
the fucking golf course people!,
fucking god dammit,
fuck this girl?,
fuckkkk,
Not that we didn’t fuck them, too.,
fucker!,
smug fucking looks off your faces,,
fucking god dammit,
mother fucker! ,
fucking god dammit,
fuck me,
fucker!,
fucking god dammit,
Get out of the fucking car.,
for twenty years. Twenty fucking ,
Rugrat, what the fuck? ,
fuck me,
Where the fuck were you last,
I had to declare the office a fuckfree,
I’m just fucking with you, man.,
fuck you!,
fuck,
fuck you you fucker,
fucked.,
motherfucker,
party. You can save the fucking,
fuckkkk,
fuckkkk,
fuck you!,
Even though I owned 85% of SteveCocksucker-Madden-fucking-Shoes,,
motherfucker,
fuck,
fucking fuck,
fuck you you fucker,
fucking,
fuck you you fucker,
fucking god dammit,
fucker!,
up as high as I fucking wanted.,
fucking,
fuck you!,
fucking fuck,
fucking god dammit,
fucker!,
fuck you!,
fucker!,
fucking god dammit,
Get the fuck out. You made,
fuck you!,
fuck you!,
either buys or fucking dies!,
The fuck you doing?,
fucking,
fuck,
fuck me,
fuck me,
How’d you fuckin’ do that?,
arrested, knowing he fucked this up.,
Jordan sees the door closing - he thinks “fuck it” - ,
fucking,
fucker!,
fucking fuck,
fuck you!,
brand new fucking sofa. What I,
fucking fuck,
you, you’re a fucking salesman!,
for the right moment to admit his fuck-up.,
name. Motherfucker knew I was in,
fucking,
fucker!,
he’d been fucking every time she,
fuck that,
fuck you!,
get a convent full of nuns fucking,
fucking god dammit,
could fuck with my high. It was,
fucked her goddamn brains out.,
fuck that,
fuck that,
fucker!,
fucking god dammit,
fuck me,
Did you try to bribe this fuckin’,
fucker!,
fuck you you fucker,
Miniscribe's a fuckin’ steal!,
fuck me,
fucking god dammit,
your fucking head up till one.,
fuck you!,
fuckkkk,
fucking,
The F-B-fucking-I?,
fucking god dammit,
fuck you!,
fuck you you fucker,
fuck me,
Whatever the fuck that means. ,
fucking success.,
fuckkkk,
fucking,
This was fucking great. I hadn’t,
where you fucking belong! But,
fucking god dammit,
fucking Christ!,
Nice fucking hat!,
fucking wall... It’s because this,
of fucking Hibachi Restaurants to,
fuck?,
indictment with a fucking bracelet ,
fuck,
fucking moon.,
fuck,
fuck me,
girlfriend think you're a fucking,
-- keep calling, when the fuck,
fuck you you fucker,
TIME CUT: Jordan is fucking Naomi. It’s the best he’s ,
the shares were in his fucking,
January ‘81. They’re fucking,
fuckkkk,
fuckkkk,
fuck you!,
those fucking fish! Come here,,
His cellmate was, no fucking joke, Tommy Chong. ,
Get the fucking ludes! ,
fuck me,
fuck?,
fuck,
fuck me. And you know where he’s,
fucking,
motherfucker,
fucker!,
motherfucker,
you fucked last night?,
fucking job. Guy who coined the,
fucking god dammit,
start fucking dialing! I want,
fucking fuck,
fuck,
fuck that,
fuck is he even doing here? He,
fucking fuck,
fucker!,
fuckkkk,
crazy, get the fuck out and get a,
You do not fuck with this man!,
fucking,
Donnie! What the fuck are you,
two anatomically correct stick figures fuck doggy-style,,
This is what happens when you fuck,
fuck you!,
fucker!,
fuck me,
fuckkkk,
Well, this is fucked.,
That’s the fuckin’ plan. ,
fucking,
So go fuck yourself a little!,
motherfucker,
Your fucking friend is trying to,
fuck,
fuck,
the fuck he says! If he’s already,
fuck you!,
fuck,
Is he fucking hitting on me?,
fuck?,
fuck me,
fucking fuck,
fuckers to kick in, but once they,
fuck,
fuck,
fuck you you fucker,
You wanna fuck me? Fine. Fuck me ,
Think, you motherfucker, think!,
fuck,
fucking god dammit,
fucking harassment...,
fuck you!,
the fucking world!,
fuck you you fucker,
fuck that,
motherfucker,
Miami, and guess who the fuck,
fucking fuck,
fucking god dammit,
motherfucker,
fuck?,
fuck you!,
Hate that fucking dog.,
The motherfucker stole fifty grand,
fuck you you fucker,
completely fucked-up state, I,
fuck that,
fuck you!,
fuck,
fuck you!,
fucking fuck,
motherfucker,
Lemme just sign the fucking thing. ,
fuckkkk,
fuck you!,
What the fuck?! What happened?,
fucking god dammit,
fuck that,
Business. Business. It’s fuckin’ ,
know how much fuckin' pussy you ,
fuck,
fuck me,
fucking god dammit,
fuck,
fucking god dammit,
Omigod, I fuckin’ love you!!,
fuck,
fucking god dammit,
fucking,
fuck you you fucker,
fucker!,
fucking fuck,
fuck?,
fuck you you fucker,
fuck you you fucker,
fuck you you fucker,
fucking,
fucker!,
groceries from the fucking Price,
fuck you!,
stock’s going up, down or fucking,
I’ll knock your fuckin’ teeth out,,
fuckkkk,
motherfucker!,
cocksucking, motherfucking,
I fuckin’ love that! Let’s grab,
fucking,
fuckin' guy pop out of there. You ,
fucker!,
but he’s a loose fuckin’ cannon.,
fucking,
fuck?,
fucker!,
Nicholas. You could fuck a baby,
my fucking eyes!,
motherfucker,
fuck you you fucker,
fuck you you fucker,
it right up into the fucking,
fucking fuck,
What the fuck is this imbecile,
fucking,
fucking god dammit,
fuckkkk,
fuck you!,
fuck that,
fucking fuck,
fucking god dammit,
fuck?,
fucknut, okay?,
fucking god dammit,
motherfucker,
What the fuck are you doing?!,
fuck me,
You fucking serious?!,
motherfucker,
fucking Cro-Magnon, he couldn’t ,
fuck me,
fuckkkk,
fucking,
fucking fuck,
telephone fucking terrorists!!,
fucker!,
fuck,
motherfucker,
fuck that,
fucking fuck,
fucker!,
This is bullshit, man. My fucking,
fucking,
fuckkkk,
As Pam blows Jordan, Donnie fucks her from behind.,
fuck you!,
fucker!,
trying to fuck me? Up the ass.,
Goddamn fucking halfwit!,
Jordan exits the building. He’s fucked and he knows it.,
fuckin’ jokes out now. ,
the Mayflower or on a fucking,
Donnie ever did was fuck me up and,
fuck you you fucker,
fuck?,
Beni-fucking-hana! Why would God,
fucking god dammit,
fucking god dammit,
I fucking hate you. ,
fuck?,
He signs the fucking thing. ,
fucking fuck,
fuck,
What?! You’re fucking kidding?! ,
fucking god dammit,
fucking fuck,
failure become so fucking,
fucking god dammit,
fucking,
A total fucking hatchet job.,
motherfucker,
fucker!,
fuck you you fucker,
You are lower than fucking pond,
fucking idea was it made us all,
fuck you you fucker,
fuck you you fucker,
fuck,
fuck?,
fuck you you fucker,
fuckkkk,
fucking,
fuck me,
Are you fucking high?,
fucking Cro-Magnon, I wouldn’t ,
fuck that,
fucking god dammit,
fuck you you fucker,
fucking god dammit,
fuck,
fuck that,
fuckkkk,
fuckkkk,
fuck you!,
Jordan fucks Naomi. There’s a curious thunk-thunk-thunk.,
fuckkkk,
fuck you!,
motherfucker,
fuck?,
It’s T&E and stop fucking with me!,
fucking,
fuck that,
Let’s fuck!!,
Go ahead, fuck me! ,
fuck you you fucker,
fuck?,
fuck you you fucker,
fuck that,
He was a numbers guy, a follow-thefucking-money’er.,
fucker!,
fuck me,
fuck you you fucker,
I can’t die fucking sober!,
fuck you!,
drink like a fish, fuck hookers,
fuck,
fuck you!,
fuck you!,
this money?!! Who fucking knew,
fuck?,
fuck that,
22 million in three fucking hours!,
fucking fuck,
Sweaty, wild-eyed and naked, Jordan fucks an HISPANIC,
fuck that,
fucking fuck,
Holy fuck.,
It’s a simple fucking question.,
fuckkkk,
never got past fourth fucking,
fuck that,
fucking fuck,
fucking god dammit,
like a fucking imbecile.,
fuck you!,
to make some fucking changes.,
fucking guy.,
fucker!,
fuck you!,
fuck me,
motherfucker,
fuck you!,
fuckkkk,
fuckkkk,
fuckkkk,
motherfucker,
shit and get the fuck out!,
fucking fuck,
fuck that,
Treat it like the fuckin' thing it ,
fuck you you fucker,
fuck,
fuck me,
motherfucker,
The fuck are you doing?!,
fuck you you fucker,
kids. You fucking bitch! ,
fuck,
fucker!,
fuck you!,
fucking god dammit,
fuck is that? I’ll tell you what,
fuckkkk,